id,title,name,info,image_thumb,image_full,type,category,price,collection,s,m,l,xl,slug 
1,2020 Factory Custom Men Big Size Formal Dress Shoes Leather Business Casual Shoes,2020 Factory Custom Men Big,"Lorem Ipsum of is simply dummy text of the printing and typesetting industry. Lorem Ipsum has been the industry's standard dummy text ever since the 1500s, when an unknown printer took a galley of type and scrambled it to make a type specimen book. It has survived not only five centuries, but also the leap into electronic typesetting, remaining essentially unchanged. It was popularised in the 1960s with the release of Letraset sheets containing Lorem Ipsum passages, and more recently with desktop publishing software like Aldus PageMaker including versions of Lorem Ipsum.",https://images-na.ssl-images-amazon.com/images/I/51pYGdFFsrL._AC_UY500_.jpg,https://images-na.ssl-images-amazon.com/images/I/51%2BCB%2B6U%2BTL._AC_UY395_.jpg,Formal ,men,2699.99,new_arrival,3,5,3,3,2020-factory-custom-men-big
2,High quality man business shoe official shoes for men,High quality man business shoe,"Lorem Ipsum of is simply dummy text of the printing and typesetting industry. Lorem Ipsum has been the industry's standard dummy text ever since the 1500s, when an unknown printer took a galley of type and scrambled it to make a type specimen book. It has survived not only five centuries, but also the leap into electronic typesetting, remaining essentially unchanged. It was popularised in the 1960s with the release of Letraset sheets containing Lorem Ipsum passages, and more recently with desktop publishing software like Aldus PageMaker including versions of Lorem Ipsum.",https://m.media-amazon.com/images/I/61hCuaclsvL._AC_SY500._SX._UX._SY._UY_.jpg,https://m.media-amazon.com/images/I/61ptrk7ImXL._AC_SY500._SX._UX._SY._UY_.jpg,Formal,men,25299.99,new_arrival,3,2,0,4,high-quality-man-business-shoe
3,2020 Jasonstar Classic PU Bulk Wholesale Custom formal shoes wholesale china men dress leather shoes,2020 Jasonstar Classic PU Bulk,"Lorem Ipsum of is simply dummy text of the printing and typesetting industry. Lorem Ipsum has been the industry's standard dummy text ever since the 1500s, when an unknown printer took a galley of type and scrambled it to make a type specimen book. It has survived not only five centuries, but also the leap into electronic typesetting, remaining essentially unchanged. It was popularised in the 1960s with the release of Letraset sheets containing Lorem Ipsum passages, and more recently with desktop publishing software like Aldus PageMaker including versions of Lorem Ipsum.",https://m.media-amazon.com/images/I/71kB0iO7WuL._AC_SY500._SX._UX._SY._UY_.jpg,https://m.media-amazon.com/images/I/61MCXsr79LL._AC_SY500._SX._UX._SY._UY_.jpg,Formal,men,2500,reqular,1,3,2,3,2020-jasonstar-classic-pu-bulk
4,Kenneth Cole New York Men's Len Slip on Loafer,Kenneth Cole New York Men's,"Lorem Ipsum of is simply dummy text of the printing and typesetting industry. Lorem Ipsum has been the industry's standard dummy text ever since the 1500s, when an unknown printer took a galley of type and scrambled it to make a type specimen book. It has survived not only five centuries, but also the leap into electronic typesetting, remaining essentially unchanged. It was popularised in the 1960s with the release of Letraset sheets containing Lorem Ipsum passages, and more recently with desktop publishing software like Aldus PageMaker including versions of Lorem Ipsum.",https://images-na.ssl-images-amazon.com/images/I/51suVdLpvCL._AC_UX500_.jpg,https://images-na.ssl-images-amazon.com/images/I/61PFdeiMNJL._AC_UX500_.jpg,Formal,men,5661,reqular,3,1,5,3,kenneth-cole-new-york-mens
5,DLT Men's Genuine Imported Leather with Leather Sole Goodyear Welted Single Monk Strap Modern Classic Dress Shoes,DLT Men's Genuine Imported Leather,"Lorem Ipsum of is simply dummy text of the printing and typesetting industry. Lorem Ipsum has been the industry's standard dummy text ever since the 1500s, when an unknown printer took a galley of type and scrambled it to make a type specimen book. It has survived not only five centuries, but also the leap into electronic typesetting, remaining essentially unchanged. It was popularised in the 1960s with the release of Letraset sheets containing Lorem Ipsum passages, and more recently with desktop publishing software like Aldus PageMaker including versions of Lorem Ipsum.",https://images-na.ssl-images-amazon.com/images/I/61xa7vffFYL._AC_UY500_.jpg,https://images-na.ssl-images-amazon.com/images/I/61ABtzTz8gL._AC_UY500_.jpg,Formal,men,16150.5,reqular,0,4,5,3,dlt-mens-genuine-imported-leather
6,Skechers Men's Relaxed Fit: Harper - Forde Slip-On Loafer,Skechers Men's Relaxed Fit: Harper,"Lorem Ipsum of is simply dummy text of the printing and typesetting industry. Lorem Ipsum has been the industry's standard dummy text ever since the 1500s, when an unknown printer took a galley of type and scrambled it to make a type specimen book. It has survived not only five centuries, but also the leap into electronic typesetting, remaining essentially unchanged. It was popularised in the 1960s with the release of Letraset sheets containing Lorem Ipsum passages, and more recently with desktop publishing software like Aldus PageMaker including versions of Lorem Ipsum.",https://images-na.ssl-images-amazon.com/images/I/713faZXcyEL._AC_UX500_.jpg,https://images-na.ssl-images-amazon.com/images/I/71iVGoc3l-L._AC_UX500_.jpg,Formal,men,6493.5,reqular,4,5,3,1,skechers-mens-relaxed-fit-harper
7,DREAM PAIRS Bruno Marc Moda Italy Men's Prince Classic Modern Formal Oxford Wingtip Lace Up Dress Shoes,DREAM PAIRS Bruno Marc Moda,"Lorem Ipsum of is simply dummy text of the printing and typesetting industry. Lorem Ipsum has been the industry's standard dummy text ever since the 1500s, when an unknown printer took a galley of type and scrambled it to make a type specimen book. It has survived not only five centuries, but also the leap into electronic typesetting, remaining essentially unchanged. It was popularised in the 1960s with the release of Letraset sheets containing Lorem Ipsum passages, and more recently with desktop publishing software like Aldus PageMaker including versions of Lorem Ipsum.",https://images-na.ssl-images-amazon.com/images/I/51vwKY6k%2B2L._AC_UY500_.jpg,https://images-na.ssl-images-amazon.com/images/I/51trg6%2BdjWL._AC_UY500_.jpg,Formal,men ,5825.84,reqular,4,0,3,0,dream-pairs-bruno-marc-moda
8,Stacy Adams Men's Dickinson Cap-Toe Lace-up Oxford,Stacy Adams Men's Dickinson Cap-Toe,"Lorem Ipsum of is simply dummy text of the printing and typesetting industry. Lorem Ipsum has been the industry's standard dummy text ever since the 1500s, when an unknown printer took a galley of type and scrambled it to make a type specimen book. It has survived not only five centuries, but also the leap into electronic typesetting, remaining essentially unchanged. It was popularised in the 1960s with the release of Letraset sheets containing Lorem Ipsum passages, and more recently with desktop publishing software like Aldus PageMaker including versions of Lorem Ipsum.",https://images-na.ssl-images-amazon.com/images/I/61%2BkcN3DERL._AC_UX500_.jpg,https://images-na.ssl-images-amazon.com/images/I/61DEL%2BX%2BiPL._AC_UX500_.jpg,Formal,men,8321.67,reqular,0,2,1,5,stacy-adams-mens-dickinson-cap-toe
9,Clarks Men's Tilden Walk Oxford,Clarks Men's Tilden Walk Oxford,"Lorem Ipsum of is simply dummy text of the printing and typesetting industry. Lorem Ipsum has been the industry's standard dummy text ever since the 1500s, when an unknown printer took a galley of type and scrambled it to make a type specimen book. It has survived not only five centuries, but also the leap into electronic typesetting, remaining essentially unchanged. It was popularised in the 1960s with the release of Letraset sheets containing Lorem Ipsum passages, and more recently with desktop publishing software like Aldus PageMaker including versions of Lorem Ipsum.",https://images-na.ssl-images-amazon.com/images/I/61YAJQ94VIL._AC_UX695_.jpg,https://images-na.ssl-images-amazon.com/images/I/61crpbqkaWL._AC_UX500_.jpg,Formal,men,8321.67,reqular,3,2,0,3,clarks-mens-tilden-walk-oxford
10,Calvin Klein Men's Ripley Oxford Flat,Calvin Klein Men's Ripley Oxford,"Lorem Ipsum of is simply dummy text of the printing and typesetting industry. Lorem Ipsum has been the industry's standard dummy text ever since the 1500s, when an unknown printer took a galley of type and scrambled it to make a type specimen book. It has survived not only five centuries, but also the leap into electronic typesetting, remaining essentially unchanged. It was popularised in the 1960s with the release of Letraset sheets containing Lorem Ipsum passages, and more recently with desktop publishing software like Aldus PageMaker including versions of Lorem Ipsum.",https://images-na.ssl-images-amazon.com/images/I/71DQbUO9JUL._AC_UX500_.jpg,https://images-na.ssl-images-amazon.com/images/I/71wH1uy2ZcL._AC_UX500_.jpg,Formal,men ,7196.13,reqular,5,1,1,3,calvin-klein-mens-ripley-oxford
11,Grey Essentials Men's Canvas Slip On Loafer,Grey Essentials Men's Canvas Slip,"Lorem Ipsum of is simply dummy text of the printing and typesetting industry. Lorem Ipsum has been the industry's standard dummy text ever since the 1500s, when an unknown printer took a galley of type and scrambled it to make a type specimen book. It has survived not only five centuries, but also the leap into electronic typesetting, remaining essentially unchanged. It was popularised in the 1960s with the release of Letraset sheets containing Lorem Ipsum passages, and more recently with desktop publishing software like Aldus PageMaker including versions of Lorem Ipsum.",https://images-na.ssl-images-amazon.com/images/I/81fzA3MYiRL._AC_UX500_.jpg,https://images-na.ssl-images-amazon.com/images/I/81957UXNb%2BL._AC_UX500_.jpg,Casual,men,30,new_arrival,1,2,4,2,grey-essentials-mens-canvas-slip
12,Khaki Essentials Men's Canvas Slip On Loafer,Khaki Essentials Men's Canvas Slip,"Lorem Ipsum of is simply dummy text of the printing and typesetting industry. Lorem Ipsum has been the industry's standard dummy text ever since the 1500s, when an unknown printer took a galley of type and scrambled it to make a type specimen book. It has survived not only five centuries, but also the leap into electronic typesetting, remaining essentially unchanged. It was popularised in the 1960s with the release of Letraset sheets containing Lorem Ipsum passages, and more recently with desktop publishing software like Aldus PageMaker including versions of Lorem Ipsum.",https://m.media-amazon.com/images/I/81vLPS9f4ML._AC_SX500._SX._UX._SY._UY_.jpg,https://m.media-amazon.com/images/I/81N7QA0ULoL._AC_SX500._SX._UX._SY._UY_.jpg,Casual,men,30,new_arrival,2,5,2,0,khaki-essentials-mens-canvas-slip
13,Blue Lugz Men's Clipper Sneaker,Blue Lugz Men's Clipper Sneaker,"Lorem Ipsum of is simply dummy text of the printing and typesetting industry. Lorem Ipsum has been the industry's standard dummy text ever since the 1500s, when an unknown printer took a galley of type and scrambled it to make a type specimen book. It has survived not only five centuries, but also the leap into electronic typesetting, remaining essentially unchanged. It was popularised in the 1960s with the release of Letraset sheets containing Lorem Ipsum passages, and more recently with desktop publishing software like Aldus PageMaker including versions of Lorem Ipsum.",https://m.media-amazon.com/images/I/71PclrdiFrL._AC_SX500._SX._UX._SY._UY_.jpg,https://m.media-amazon.com/images/I/71qht+sK5CL._AC_SX500._SX._UX._SY._UY_.jpg,Casual,men,44.99,reqular,3,2,1,4,blue-lugz-mens-clipper-sneaker
14,Blue Lugz Men's Clipper Sneaker,Blue Lugz Men's Clipper Sneaker,"Lorem Ipsum of is simply dummy text of the printing and typesetting industry. Lorem Ipsum has been the industry's standard dummy text ever since the 1500s, when an unknown printer took a galley of type and scrambled it to make a type specimen book. It has survived not only five centuries, but also the leap into electronic typesetting, remaining essentially unchanged. It was popularised in the 1960s with the release of Letraset sheets containing Lorem Ipsum passages, and more recently with desktop publishing software like Aldus PageMaker including versions of Lorem Ipsum.",https://m.media-amazon.com/images/I/71PclrdiFrL._AC_SX500._SX._UX._SY._UY_.jpg,https://m.media-amazon.com/images/I/71qht+sK5CL._AC_SX500._SX._UX._SY._UY_.jpg,Casual,men,45.99,reqular,2,3,1,1,blue-lugz-mens-clipper-sneaker
15,Olive Lugz Men's Clipper Sneaker,Olive Lugz Men's Clipper Sneaker,"Lorem Ipsum of is simply dummy text of the printing and typesetting industry. Lorem Ipsum has been the industry's standard dummy text ever since the 1500s, when an unknown printer took a galley of type and scrambled it to make a type specimen book. It has survived not only five centuries, but also the leap into electronic typesetting, remaining essentially unchanged. It was popularised in the 1960s with the release of Letraset sheets containing Lorem Ipsum passages, and more recently with desktop publishing software like Aldus PageMaker including versions of Lorem Ipsum.",https://m.media-amazon.com/images/I/71PclrdiFrL._AC_SX500._SX._UX._SY._UY_.jpg,https://m.media-amazon.com/images/I/71qht+sK5CL._AC_SX500._SX._UX._SY._UY_.jpg,Casual,men,46.99,reqular,0,1,2,1,olive-lugz-mens-clipper-sneaker
16,Camo Print Lugz Men's Clipper Sneaker,Camo Print Lugz Men's Clipper,"Lorem Ipsum of is simply dummy text of the printing and typesetting industry. Lorem Ipsum has been the industry's standard dummy text ever since the 1500s, when an unknown printer took a galley of type and scrambled it to make a type specimen book. It has survived not only five centuries, but also the leap into electronic typesetting, remaining essentially unchanged. It was popularised in the 1960s with the release of Letraset sheets containing Lorem Ipsum passages, and more recently with desktop publishing software like Aldus PageMaker including versions of Lorem Ipsum.",https://m.media-amazon.com/images/I/71lflSSD+NL._AC_SX500._SX._UX._SY._UY_.jpg,https://m.media-amazon.com/images/I/715FTY7WLhL._AC_SX500._SX._UX._SY._UY_.jpg,Casual,men,55.99,reqular,3,2,0,5,camo-print-lugz-mens-clipper
17,Clarks Men's Cotrell Step Slip-on Loafer,Clarks Men's Cotrell Step Slip-on,"Lorem Ipsum of is simply dummy text of the printing and typesetting industry. Lorem Ipsum has been the industry's standard dummy text ever since the 1500s, when an unknown printer took a galley of type and scrambled it to make a type specimen book. It has survived not only five centuries, but also the leap into electronic typesetting, remaining essentially unchanged. It was popularised in the 1960s with the release of Letraset sheets containing Lorem Ipsum passages, and more recently with desktop publishing software like Aldus PageMaker including versions of Lorem Ipsum.",https://images-na.ssl-images-amazon.com/images/I/71acnw%2BAsNL._AC_UX500_.jpg,https://images-na.ssl-images-amazon.com/images/I/71V7-00RsdL._AC_UX500_.jpg,Casual,men,39.98,reqular,0,1,3,3,clarks-mens-cotrell-step-slip-on
18,Skechers Men's Citywalk Malton Oxford Sneaker,Skechers Men's Citywalk Malton Oxford,"Lorem Ipsum of is simply dummy text of the printing and typesetting industry. Lorem Ipsum has been the industry's standard dummy text ever since the 1500s, when an unknown printer took a galley of type and scrambled it to make a type specimen book. It has survived not only five centuries, but also the leap into electronic typesetting, remaining essentially unchanged. It was popularised in the 1960s with the release of Letraset sheets containing Lorem Ipsum passages, and more recently with desktop publishing software like Aldus PageMaker including versions of Lorem Ipsum.",https://images-na.ssl-images-amazon.com/images/I/71MkHMLjwUL._AC_UX500_.jpg,https://images-na.ssl-images-amazon.com/images/I/91NX1NTvmKL._AC_UX500_.jpg,Casual,men,55.95,reqular,4,1,2,5,skechers-mens-citywalk-malton-oxford
19,Clarks Men's Bushacre 2 Chukka Boot,Clarks Men's Bushacre 2 Chukka,"Lorem Ipsum of is simply dummy text of the printing and typesetting industry. Lorem Ipsum has been the industry's standard dummy text ever since the 1500s, when an unknown printer took a galley of type and scrambled it to make a type specimen book. It has survived not only five centuries, but also the leap into electronic typesetting, remaining essentially unchanged. It was popularised in the 1960s with the release of Letraset sheets containing Lorem Ipsum passages, and more recently with desktop publishing software like Aldus PageMaker including versions of Lorem Ipsum.",https://m.media-amazon.com/images/I/517CNlVfHUL._AC_SX500._SX._UX._SY._UY_.jpg,https://m.media-amazon.com/images/I/61M1l69PGML._AC_SX500._SX._UX._SY._UY_.jpg,Casual,men,42.98,reqular,3,0,2,0,clarks-mens-bushacre-2-chukka
20,Chocolate Clarks Men's Bushacre 2 Chukka Boot,Chocolate Clarks Men's Bushacre 2,"Lorem Ipsum of is simply dummy text of the printing and typesetting industry. Lorem Ipsum has been the industry's standard dummy text ever since the 1500s, when an unknown printer took a galley of type and scrambled it to make a type specimen book. It has survived not only five centuries, but also the leap into electronic typesetting, remaining essentially unchanged. It was popularised in the 1960s with the release of Letraset sheets containing Lorem Ipsum passages, and more recently with desktop publishing software like Aldus PageMaker including versions of Lorem Ipsum.",https://m.media-amazon.com/images/I/715KeIt9aaL._AC_SX500._SX._UX._SY._UY_.jpg,https://m.media-amazon.com/images/I/81rjvZ2fBVL._AC_SX500._SX._UX._SY._UY_.jpg,Casual,men,169.75,reqular,2,4,1,1,chocolate-clarks-mens-bushacre-2
21,Brooks Mens Ghost 12 Running Shoe,Brooks Mens Ghost 12 Running,"Lorem Ipsum of is simply dummy text of the printing and typesetting industry. Lorem Ipsum has been the industry's standard dummy text ever since the 1500s, when an unknown printer took a galley of type and scrambled it to make a type specimen book. It has survived not only five centuries, but also the leap into electronic typesetting, remaining essentially unchanged. It was popularised in the 1960s with the release of Letraset sheets containing Lorem Ipsum passages, and more recently with desktop publishing software like Aldus PageMaker including versions of Lorem Ipsum.",https://images-na.ssl-images-amazon.com/images/I/81oO1UCR4qL._AC_UY625_.jpg,https://images-na.ssl-images-amazon.com/images/I/81Ed-DIc6rL._AC_UY625_.jpg,Sports,men ,213,new_arrival,4,0,3,2,brooks-mens-ghost-12-running
22,Impdoo Mens Air Athletic Running Sneaker Cute Fitness Sport Gym Jogging Tennis Shoes (US7-12.5 D(M),Impdoo Mens Air Athletic Running,"Lorem Ipsum of is simply dummy text of the printing and typesetting industry. Lorem Ipsum has been the industry's standard dummy text ever since the 1500s, when an unknown printer took a galley of type and scrambled it to make a type specimen book. It has survived not only five centuries, but also the leap into electronic typesetting, remaining essentially unchanged. It was popularised in the 1960s with the release of Letraset sheets containing Lorem Ipsum passages, and more recently with desktop publishing software like Aldus PageMaker including versions of Lorem Ipsum.",https://images-na.ssl-images-amazon.com/images/I/81I9yn%2BPZfL._AC_UY625_.jpg,https://images-na.ssl-images-amazon.com/images/I/81wnNqwIXNL._AC_UY625_.jpg,Sports,men ,39.99,new_arrival,5,4,4,0,impdoo-mens-air-athletic-running
23,Nike Men's Downshifter 9 Running Shoe,Nike Men's Downshifter 9 Running,"Lorem Ipsum of is simply dummy text of the printing and typesetting industry. Lorem Ipsum has been the industry's standard dummy text ever since the 1500s, when an unknown printer took a galley of type and scrambled it to make a type specimen book. It has survived not only five centuries, but also the leap into electronic typesetting, remaining essentially unchanged. It was popularised in the 1960s with the release of Letraset sheets containing Lorem Ipsum passages, and more recently with desktop publishing software like Aldus PageMaker including versions of Lorem Ipsum.",https://images-na.ssl-images-amazon.com/images/I/71WO%2BURZORL._AC_UX625_.jpg,https://images-na.ssl-images-amazon.com/images/I/719MxDnT06L._AC_UX625_.jpg,Sports,men ,199.99,reqular,3,1,0,3,nike-mens-downshifter-9-running
24,adidas Men's Ownthegame Wide Basketball Shoe,adidas Men's Ownthegame Wide Basketball,"Lorem Ipsum of is simply dummy text of the printing and typesetting industry. Lorem Ipsum has been the industry's standard dummy text ever since the 1500s, when an unknown printer took a galley of type and scrambled it to make a type specimen book. It has survived not only five centuries, but also the leap into electronic typesetting, remaining essentially unchanged. It was popularised in the 1960s with the release of Letraset sheets containing Lorem Ipsum passages, and more recently with desktop publishing software like Aldus PageMaker including versions of Lorem Ipsum.",https://images-na.ssl-images-amazon.com/images/I/71h842LxIIL._AC_UX500_.jpg,https://images-na.ssl-images-amazon.com/images/I/81nDPGHeCiL._AC_UX500_.jpg,Sports,men ,119.95,reqular,5,4,0,5,adidas-mens-ownthegame-wide-basketball
25,adidas Terrex AX3 Hiking Shoes Men's,adidas Terrex AX3 Hiking Shoes,"Lorem Ipsum of is simply dummy text of the printing and typesetting industry. Lorem Ipsum has been the industry's standard dummy text ever since the 1500s, when an unknown printer took a galley of type and scrambled it to make a type specimen book. It has survived not only five centuries, but also the leap into electronic typesetting, remaining essentially unchanged. It was popularised in the 1960s with the release of Letraset sheets containing Lorem Ipsum passages, and more recently with desktop publishing software like Aldus PageMaker including versions of Lorem Ipsum.",https://images-na.ssl-images-amazon.com/images/I/81%2Bnf94pXgL._AC_UX500_.jpg,https://images-na.ssl-images-amazon.com/images/I/81RUFM6dFFL._AC_UX500_.jpg,Sports,men ,160.32,reqular,1,2,2,5,adidas-terrex-ax3-hiking-shoes
26,Under Armour Men's Charged Assert 8 Running Shoe,Under Armour Men's Charged Assert,"Lorem Ipsum of is simply dummy text of the printing and typesetting industry. Lorem Ipsum has been the industry's standard dummy text ever since the 1500s, when an unknown printer took a galley of type and scrambled it to make a type specimen book. It has survived not only five centuries, but also the leap into electronic typesetting, remaining essentially unchanged. It was popularised in the 1960s with the release of Letraset sheets containing Lorem Ipsum passages, and more recently with desktop publishing software like Aldus PageMaker including versions of Lorem Ipsum.",https://images-na.ssl-images-amazon.com/images/I/81eCsLb7eWL._AC_UX625_.jpg,https://images-na.ssl-images-amazon.com/images/I/61t1cL-cRsL._AC_UY625_.jpg,Sports,men ,70,reqular,0,0,4,2,under-armour-mens-charged-assert
27,Blue Nike Men's Revolution 5 Running Shoe,Blue Nike Men's Revolution 5,"Lorem Ipsum of is simply dummy text of the printing and typesetting industry. Lorem Ipsum has been the industry's standard dummy text ever since the 1500s, when an unknown printer took a galley of type and scrambled it to make a type specimen book. It has survived not only five centuries, but also the leap into electronic typesetting, remaining essentially unchanged. It was popularised in the 1960s with the release of Letraset sheets containing Lorem Ipsum passages, and more recently with desktop publishing software like Aldus PageMaker including versions of Lorem Ipsum.",https://m.media-amazon.com/images/I/71ISYrX7IZL._AC_SX625._SX._UX._SY._UY_.jpg,https://m.media-amazon.com/images/I/81d18a70cnL._AC_SX625._SX._UX._SY._UY_.jpg,Sports,men ,211.49,reqular,2,2,4,0,blue-nike-mens-revolution-5
28,Red Nike Men's Revolution 5 Running Shoe,Red Nike Men's Revolution 5,"Lorem Ipsum of is simply dummy text of the printing and typesetting industry. Lorem Ipsum has been the industry's standard dummy text ever since the 1500s, when an unknown printer took a galley of type and scrambled it to make a type specimen book. It has survived not only five centuries, but also the leap into electronic typesetting, remaining essentially unchanged. It was popularised in the 1960s with the release of Letraset sheets containing Lorem Ipsum passages, and more recently with desktop publishing software like Aldus PageMaker including versions of Lorem Ipsum.",https://m.media-amazon.com/images/I/714J703U4xL._AC_SX625._SX._UX._SY._UY_.jpg,https://m.media-amazon.com/images/I/81XIWCVdpUL._AC_SX625._SX._UX._SY._UY_.jpg,Sports,men ,212.49,reqular,1,2,1,4,red-nike-mens-revolution-5
29,Green-sapphire-dark Smoke Nike Men's Revolution 5 Running Shoe,Green-sapphire-dark Smoke Nike Men's Revolution,"Lorem Ipsum of is simply dummy text of the printing and typesetting industry. Lorem Ipsum has been the industry's standard dummy text ever since the 1500s, when an unknown printer took a galley of type and scrambled it to make a type specimen book. It has survived not only five centuries, but also the leap into electronic typesetting, remaining essentially unchanged. It was popularised in the 1960s with the release of Letraset sheets containing Lorem Ipsum passages, and more recently with desktop publishing software like Aldus PageMaker including versions of Lorem Ipsum.",https://m.media-amazon.com/images/I/714P+p5GO6L._AC_SX625._SX._UX._SY._UY_.jpg,https://m.media-amazon.com/images/I/810GUqJMRwL._AC_SX625._SX._UX._SY._UY_.jpg,Sports,men ,213.49,reqular,5,3,5,3,green-sapphire-dark-smoke-nike-mens-revolution
30,Nike Mens Air Max Torch 4 Running Sneaker,Nike Mens Air Max Torch,"Lorem Ipsum of is simply dummy text of the printing and typesetting industry. Lorem Ipsum has been the industry's standard dummy text ever since the 1500s, when an unknown printer took a galley of type and scrambled it to make a type specimen book. It has survived not only five centuries, but also the leap into electronic typesetting, remaining essentially unchanged. It was popularised in the 1960s with the release of Letraset sheets containing Lorem Ipsum passages, and more recently with desktop publishing software like Aldus PageMaker including versions of Lorem Ipsum.",https://images-na.ssl-images-amazon.com/images/I/71kU7lrqw3L._AC_UX679_.jpg,https://images-na.ssl-images-amazon.com/images/I/71GMZVTMcsL._AC_UX679_.jpg,Sports,men ,199.99,reqular,4,2,0,5,nike-mens-air-max-torch
31,Caramel Calvin Klein Women's Brady Pump,Caramel Calvin Klein Women's Brady,"Lorem Ipsum of is simply dummy text of the printing and typesetting industry. Lorem Ipsum has been the industry's standard dummy text ever since the 1500s, when an unknown printer took a galley of type and scrambled it to make a type specimen book. It has survived not only five centuries, but also the leap into electronic typesetting, remaining essentially unchanged. It was popularised in the 1960s with the release of Letraset sheets containing Lorem Ipsum passages, and more recently with desktop publishing software like Aldus PageMaker including versions of Lorem Ipsum.",https://images-na.ssl-images-amazon.com/images/I/813YtOF5a%2BL._AC_UX500_.jpg,https://images-na.ssl-images-amazon.com/images/I/61-TlTswAcL._AC_UX500_.jpg,Formal ,Women,130.91,new_arrival,0,3,3,0,caramel-calvin-klein-womens-brady
32,Black Calvin Klein Women's Brady Pump,Black Calvin Klein Women's Brady,"Lorem Ipsum of is simply dummy text of the printing and typesetting industry. Lorem Ipsum has been the industry's standard dummy text ever since the 1500s, when an unknown printer took a galley of type and scrambled it to make a type specimen book. It has survived not only five centuries, but also the leap into electronic typesetting, remaining essentially unchanged. It was popularised in the 1960s with the release of Letraset sheets containing Lorem Ipsum passages, and more recently with desktop publishing software like Aldus PageMaker including versions of Lorem Ipsum.",https://m.media-amazon.com/images/I/71HATa8g2GL._AC_SX500._SX._UX._SY._UY_.jpg,https://m.media-amazon.com/images/I/71dv3JBXd3L._AC_SX500._SX._UX._SY._UY_.jpg,Formal ,Women,130.91,new_arrival,5,2,1,0,black-calvin-klein-womens-brady
33,Blue Calvin Klein Women's Brady Pump,Blue Calvin Klein Women's Brady,"Lorem Ipsum of is simply dummy text of the printing and typesetting industry. Lorem Ipsum has been the industry's standard dummy text ever since the 1500s, when an unknown printer took a galley of type and scrambled it to make a type specimen book. It has survived not only five centuries, but also the leap into electronic typesetting, remaining essentially unchanged. It was popularised in the 1960s with the release of Letraset sheets containing Lorem Ipsum passages, and more recently with desktop publishing software like Aldus PageMaker including versions of Lorem Ipsum.",https://m.media-amazon.com/images/I/71+XslXPnrL._AC_SX500._SX._UX._SY._UY_.jpg,https://m.media-amazon.com/images/I/61Feo3xSLIL._AC_SX500._SX._UX._SY._UY_.jpg,Formal ,Women,130.91,reqular,3,4,3,5,blue-calvin-klein-womens-brady
34,Naturalizer Women's Taimi,Naturalizer Women's Taimi,"Lorem Ipsum of is simply dummy text of the printing and typesetting industry. Lorem Ipsum has been the industry's standard dummy text ever since the 1500s, when an unknown printer took a galley of type and scrambled it to make a type specimen book. It has survived not only five centuries, but also the leap into electronic typesetting, remaining essentially unchanged. It was popularised in the 1960s with the release of Letraset sheets containing Lorem Ipsum passages, and more recently with desktop publishing software like Aldus PageMaker including versions of Lorem Ipsum.",https://images-na.ssl-images-amazon.com/images/I/61hlE32xbkL._AC_UX500_.jpg,https://images-na.ssl-images-amazon.com/images/I/6157K9OCH2L._AC_UX500_.jpg,Formal ,Women,103.95,reqular,3,1,5,2,naturalizer-womens-taimi
35,Black Naturalizer Women's Taimi,Black Naturalizer Women's Taimi,"Lorem Ipsum of is simply dummy text of the printing and typesetting industry. Lorem Ipsum has been the industry's standard dummy text ever since the 1500s, when an unknown printer took a galley of type and scrambled it to make a type specimen book. It has survived not only five centuries, but also the leap into electronic typesetting, remaining essentially unchanged. It was popularised in the 1960s with the release of Letraset sheets containing Lorem Ipsum passages, and more recently with desktop publishing software like Aldus PageMaker including versions of Lorem Ipsum.",https://m.media-amazon.com/images/I/71ZgElr+bVL._AC_SX500._SX._UX._SY._UY_.jpg,https://m.media-amazon.com/images/I/71oraTz0wfL._AC_SX500._SX._UX._SY._UY_.jpg,Formal ,Women,104.95,reqular,1,5,1,0,black-naturalizer-womens-taimi
36,Cambridge Select Women's Strappy Chunky Platform Glitter Wedge Sandal,Cambridge Select Women's Strappy Chunky,"Lorem Ipsum of is simply dummy text of the printing and typesetting industry. Lorem Ipsum has been the industry's standard dummy text ever since the 1500s, when an unknown printer took a galley of type and scrambled it to make a type specimen book. It has survived not only five centuries, but also the leap into electronic typesetting, remaining essentially unchanged. It was popularised in the 1960s with the release of Letraset sheets containing Lorem Ipsum passages, and more recently with desktop publishing software like Aldus PageMaker including versions of Lorem Ipsum.",https://images-na.ssl-images-amazon.com/images/I/61Fyk43En5L._AC_UX500_.jpg,https://images-na.ssl-images-amazon.com/images/I/61yIiAXPdUL._AC_UY535_.jpg,Formal ,Women,49.25,reqular,2,4,5,3,cambridge-select-womens-strappy-chunky
37,Red Bandolino Women's Madia Dress Sandal,Red Bandolino Women's Madia Dress,"Lorem Ipsum of is simply dummy text of the printing and typesetting industry. Lorem Ipsum has been the industry's standard dummy text ever since the 1500s, when an unknown printer took a galley of type and scrambled it to make a type specimen book. It has survived not only five centuries, but also the leap into electronic typesetting, remaining essentially unchanged. It was popularised in the 1960s with the release of Letraset sheets containing Lorem Ipsum passages, and more recently with desktop publishing software like Aldus PageMaker including versions of Lorem Ipsum.",https://m.media-amazon.com/images/I/71RSw4UdkRL._AC_SX500._SX._UX._SY._UY_.jpg,https://m.media-amazon.com/images/I/8146xtdwMSL._AC_SX500._SX._UX._SY._UY_.jpg,Formal ,Women,96.22,reqular,1,1,2,2,red-bandolino-womens-madia-dress
38,Black Bandolino Women's Madia Dress Sandal,Black Bandolino Women's Madia Dress,"Lorem Ipsum of is simply dummy text of the printing and typesetting industry. Lorem Ipsum has been the industry's standard dummy text ever since the 1500s, when an unknown printer took a galley of type and scrambled it to make a type specimen book. It has survived not only five centuries, but also the leap into electronic typesetting, remaining essentially unchanged. It was popularised in the 1960s with the release of Letraset sheets containing Lorem Ipsum passages, and more recently with desktop publishing software like Aldus PageMaker including versions of Lorem Ipsum.",https://m.media-amazon.com/images/I/7155Yr1rQBL._AC_SX500._SX._UX._SY._UY_.jpg,https://m.media-amazon.com/images/I/71Vb3Ye9+dL._AC_SX500._SX._UX._SY._UY_.jpg,Formal ,Women,97.22,reqular,5,4,5,5,black-bandolino-womens-madia-dress
39,Blue Calvin Klein Women's Gayle Pump,Blue Calvin Klein Women's Gayle,"Lorem Ipsum of is simply dummy text of the printing and typesetting industry. Lorem Ipsum has been the industry's standard dummy text ever since the 1500s, when an unknown printer took a galley of type and scrambled it to make a type specimen book. It has survived not only five centuries, but also the leap into electronic typesetting, remaining essentially unchanged. It was popularised in the 1960s with the release of Letraset sheets containing Lorem Ipsum passages, and more recently with desktop publishing software like Aldus PageMaker including versions of Lorem Ipsum.",https://m.media-amazon.com/images/I/51LllGHCidL._AC_SX500._SX._UX._SY._UY_.jpg,https://m.media-amazon.com/images/I/51iMDEOSrzL._AC_SX500._SX._UX._SY._UY_.jpg,Formal ,Women,190.35,reqular,5,2,1,0,blue-calvin-klein-womens-gayle
40,Red Calvin Klein Women's Gayle Pump,Red Calvin Klein Women's Gayle,"Lorem Ipsum of is simply dummy text of the printing and typesetting industry. Lorem Ipsum has been the industry's standard dummy text ever since the 1500s, when an unknown printer took a galley of type and scrambled it to make a type specimen book. It has survived not only five centuries, but also the leap into electronic typesetting, remaining essentially unchanged. It was popularised in the 1960s with the release of Letraset sheets containing Lorem Ipsum passages, and more recently with desktop publishing software like Aldus PageMaker including versions of Lorem Ipsum.",https://m.media-amazon.com/images/I/61TUTS15F-L._AC_SX500._SX._UX._SY._UY_.jpg,https://m.media-amazon.com/images/I/613Jncq1TTL._AC_SX500._SX._UX._SY._UY_.jpg,Formal ,Women,191.35,reqular,1,0,2,0,red-calvin-klein-womens-gayle
41,Dr. Scholl's Shoes Women's Find Me Loafer,Dr. Scholl's Shoes Women's Find,"Lorem Ipsum of is simply dummy text of the printing and typesetting industry. Lorem Ipsum has been the industry's standard dummy text ever since the 1500s, when an unknown printer took a galley of type and scrambled it to make a type specimen book. It has survived not only five centuries, but also the leap into electronic typesetting, remaining essentially unchanged. It was popularised in the 1960s with the release of Letraset sheets containing Lorem Ipsum passages, and more recently with desktop publishing software like Aldus PageMaker including versions of Lorem Ipsum.",https://images-na.ssl-images-amazon.com/images/I/81M2FpKvzgL._AC_UX500_.jpg,https://images-na.ssl-images-amazon.com/images/I/71IcmY38HgL._AC_UX500_.jpg,Casual,Women,35.99,new_arrival,5,5,3,1,dr.-scholls-shoes-womens-find
42,STQ Slip On Breathe Mesh Walking Shoes Women Fashion Sneakers Comfort Wedge Platform Loafers,STQ Slip On Breathe Mesh,"Lorem Ipsum of is simply dummy text of the printing and typesetting industry. Lorem Ipsum has been the industry's standard dummy text ever since the 1500s, when an unknown printer took a galley of type and scrambled it to make a type specimen book. It has survived not only five centuries, but also the leap into electronic typesetting, remaining essentially unchanged. It was popularised in the 1960s with the release of Letraset sheets containing Lorem Ipsum passages, and more recently with desktop publishing software like Aldus PageMaker including versions of Lorem Ipsum.",https://images-na.ssl-images-amazon.com/images/I/61hHfyNnZJL._AC_UX695_.jpg,https://images-na.ssl-images-amazon.com/images/I/61hHfyNnZJL._AC_UX695_.jpg,Casual,Women,125.63,new_arrival,2,4,2,5,stq-slip-on-breathe-mesh
43,LifeStride Women's Diverse Flat,LifeStride Women's Diverse Flat,"Lorem Ipsum of is simply dummy text of the printing and typesetting industry. Lorem Ipsum has been the industry's standard dummy text ever since the 1500s, when an unknown printer took a galley of type and scrambled it to make a type specimen book. It has survived not only five centuries, but also the leap into electronic typesetting, remaining essentially unchanged. It was popularised in the 1960s with the release of Letraset sheets containing Lorem Ipsum passages, and more recently with desktop publishing software like Aldus PageMaker including versions of Lorem Ipsum.",https://images-na.ssl-images-amazon.com/images/I/611FBrzd93L._AC_UX500_.jpg,https://images-na.ssl-images-amazon.com/images/I/71LQInaujtL._AC_UX500_.jpg,Casual,Women,100.63,reqular,3,3,3,3,lifestride-womens-diverse-flat
44,Blowfish Malibu Women's Fruit Sneaker,Blowfish Malibu Women's Fruit Sneaker,"Lorem Ipsum of is simply dummy text of the printing and typesetting industry. Lorem Ipsum has been the industry's standard dummy text ever since the 1500s, when an unknown printer took a galley of type and scrambled it to make a type specimen book. It has survived not only five centuries, but also the leap into electronic typesetting, remaining essentially unchanged. It was popularised in the 1960s with the release of Letraset sheets containing Lorem Ipsum passages, and more recently with desktop publishing software like Aldus PageMaker including versions of Lorem Ipsum.",https://images-na.ssl-images-amazon.com/images/I/81phhW3k%2BXL._AC_UX500_.jpg,https://images-na.ssl-images-amazon.com/images/I/81zU-ozMmgL._AC_UX500_.jpg,Casual,Women,76.93,reqular,0,0,0,5,blowfish-malibu-womens-fruit-sneaker
45,Womens Sneakers Tennis Vegan Leather Shoes Casual Shoes for Women Low Top Cap Toe Flats,Womens Sneakers Tennis Vegan Leather,"Lorem Ipsum of is simply dummy text of the printing and typesetting industry. Lorem Ipsum has been the industry's standard dummy text ever since the 1500s, when an unknown printer took a galley of type and scrambled it to make a type specimen book. It has survived not only five centuries, but also the leap into electronic typesetting, remaining essentially unchanged. It was popularised in the 1960s with the release of Letraset sheets containing Lorem Ipsum passages, and more recently with desktop publishing software like Aldus PageMaker including versions of Lorem Ipsum.",https://images-na.ssl-images-amazon.com/images/I/51whcuEbllL._AC_UX500_.jpg,https://images-na.ssl-images-amazon.com/images/I/51c0EtU%2BWhL._AC_UX500_.jpg,Casual,Women,14.99,reqular,5,2,5,3,womens-sneakers-tennis-vegan-leather
46,Black Clarks Women's Step Glow Slip Loafer Flat,Black Clarks Women's Step Glow,"Lorem Ipsum of is simply dummy text of the printing and typesetting industry. Lorem Ipsum has been the industry's standard dummy text ever since the 1500s, when an unknown printer took a galley of type and scrambled it to make a type specimen book. It has survived not only five centuries, but also the leap into electronic typesetting, remaining essentially unchanged. It was popularised in the 1960s with the release of Letraset sheets containing Lorem Ipsum passages, and more recently with desktop publishing software like Aldus PageMaker including versions of Lorem Ipsum.",https://m.media-amazon.com/images/I/71snsMEQYSL._AC_SX500._SX._UX._SY._UY_.jpg,https://m.media-amazon.com/images/I/71h6+d+o7pL._AC_SX500._SX._UX._SY._UY_.jpg,Casual,Women,132.69,reqular,2,2,1,3,black-clarks-womens-step-glow
47,Pink Textile Clarks Women's Step Glow Slip Loafer Flat,Pink Textile Clarks Women's Step,"Lorem Ipsum of is simply dummy text of the printing and typesetting industry. Lorem Ipsum has been the industry's standard dummy text ever since the 1500s, when an unknown printer took a galley of type and scrambled it to make a type specimen book. It has survived not only five centuries, but also the leap into electronic typesetting, remaining essentially unchanged. It was popularised in the 1960s with the release of Letraset sheets containing Lorem Ipsum passages, and more recently with desktop publishing software like Aldus PageMaker including versions of Lorem Ipsum.",https://m.media-amazon.com/images/I/714C1jJIpTL._AC_SX500._SX._UX._SY._UY_.jpg,https://m.media-amazon.com/images/I/71TgzCYmblL._AC_SX500._SX._UX._SY._UY_.jpg,Casual,Women,133.69,reqular,5,5,2,3,pink-textile-clarks-womens-step
48,Aqua Color Clarks Women's Step Glow Slip Loafer Flat,Aqua Color Clarks Women's Step,"Lorem Ipsum of is simply dummy text of the printing and typesetting industry. Lorem Ipsum has been the industry's standard dummy text ever since the 1500s, when an unknown printer took a galley of type and scrambled it to make a type specimen book. It has survived not only five centuries, but also the leap into electronic typesetting, remaining essentially unchanged. It was popularised in the 1960s with the release of Letraset sheets containing Lorem Ipsum passages, and more recently with desktop publishing software like Aldus PageMaker including versions of Lorem Ipsum.",https://m.media-amazon.com/images/I/81AnSTFy3OL._AC_SX500._SX._UX._SY._UY_.jpg,https://m.media-amazon.com/images/I/81GIqVIXnjL._AC_SX500._SX._UX._SY._UY_.jpg,Casual,Women,134.69,reqular,4,2,0,5,aqua-color-clarks-womens-step
49,Red JOOMRA Women Lightweight Sneakers 3D Woven Stylish Athletic Shoes,Red JOOMRA Women Lightweight Sneakers,"Lorem Ipsum of is simply dummy text of the printing and typesetting industry. Lorem Ipsum has been the industry's standard dummy text ever since the 1500s, when an unknown printer took a galley of type and scrambled it to make a type specimen book. It has survived not only five centuries, but also the leap into electronic typesetting, remaining essentially unchanged. It was popularised in the 1960s with the release of Letraset sheets containing Lorem Ipsum passages, and more recently with desktop publishing software like Aldus PageMaker including versions of Lorem Ipsum.",https://images-na.ssl-images-amazon.com/images/I/71cDfOdOjwL._AC_UX500_.jpg,https://images-na.ssl-images-amazon.com/images/I/71Uom3XtnGL._AC_UX500_.jpg,Casual,Women,29.99,reqular,1,3,0,3,red-joomra-women-lightweight-sneakers
50,Purple JOOMRA Women Lightweight Sneakers 3D Woven Stylish Athletic Shoes,Purple JOOMRA Women Lightweight Sneakers,"Lorem Ipsum of is simply dummy text of the printing and typesetting industry. Lorem Ipsum has been the industry's standard dummy text ever since the 1500s, when an unknown printer took a galley of type and scrambled it to make a type specimen book. It has survived not only five centuries, but also the leap into electronic typesetting, remaining essentially unchanged. It was popularised in the 1960s with the release of Letraset sheets containing Lorem Ipsum passages, and more recently with desktop publishing software like Aldus PageMaker including versions of Lorem Ipsum.",https://m.media-amazon.com/images/I/81KZW27r7bL._AC_SX500._SX._UX._SY._UY_.jpg,https://m.media-amazon.com/images/I/71SwR6M-BhL._AC_SX500._SX._UX._SY._UY_.jpg,Casual,Women,29.99,reqular,3,3,2,5,purple-joomra-women-lightweight-sneakers
51,Black New Balance Women's Fresh Foam Arishi V2 Running Shoe,Black New Balance Women's Fresh,"Lorem Ipsum of is simply dummy text of the printing and typesetting industry. Lorem Ipsum has been the industry's standard dummy text ever since the 1500s, when an unknown printer took a galley of type and scrambled it to make a type specimen book. It has survived not only five centuries, but also the leap into electronic typesetting, remaining essentially unchanged. It was popularised in the 1960s with the release of Letraset sheets containing Lorem Ipsum passages, and more recently with desktop publishing software like Aldus PageMaker including versions of Lorem Ipsum.",https://images-na.ssl-images-amazon.com/images/I/61M4FCzbsvL._AC_UX500_.jpg,https://images-na.ssl-images-amazon.com/images/I/71VX11Jbo8L._AC_UX500_.jpg,Sports ,Women,119.99,new_arrival,3,2,5,1,black-new-balance-womens-fresh
52,Pink New Balance Women's Fresh Foam Arishi V2 Running Shoe,Pink New Balance Women's Fresh,"Lorem Ipsum of is simply dummy text of the printing and typesetting industry. Lorem Ipsum has been the industry's standard dummy text ever since the 1500s, when an unknown printer took a galley of type and scrambled it to make a type specimen book. It has survived not only five centuries, but also the leap into electronic typesetting, remaining essentially unchanged. It was popularised in the 1960s with the release of Letraset sheets containing Lorem Ipsum passages, and more recently with desktop publishing software like Aldus PageMaker including versions of Lorem Ipsum.",https://m.media-amazon.com/images/I/61By4aVFiPL._AC_SX500._SX._UX._SY._UY_.jpg,https://m.media-amazon.com/images/I/71xN1ovyYKL._AC_SX500._SX._UX._SY._UY_.jpg,Sports ,Women,120.99,new_arrival,0,0,2,1,pink-new-balance-womens-fresh
53,Mizuno Women's Wave Rider 23 Running Shoe,Mizuno Women's Wave Rider 23,"Lorem Ipsum of is simply dummy text of the printing and typesetting industry. Lorem Ipsum has been the industry's standard dummy text ever since the 1500s, when an unknown printer took a galley of type and scrambled it to make a type specimen book. It has survived not only five centuries, but also the leap into electronic typesetting, remaining essentially unchanged. It was popularised in the 1960s with the release of Letraset sheets containing Lorem Ipsum passages, and more recently with desktop publishing software like Aldus PageMaker including versions of Lorem Ipsum.",https://m.media-amazon.com/images/I/81GAATVTCEL._AC_SX500._SX._UX._SY._UY_.jpg,https://m.media-amazon.com/images/I/81qg5fsUQtL._AC_SX500._SX._UX._SY._UY_.jpg,Sports ,Women,109.39,reqular,5,1,2,4,mizuno-womens-wave-rider-23
54,Patina Green Mizuno Women's Wave Rider 23 Running Shoe,Patina Green Mizuno Women's Wave,"Lorem Ipsum of is simply dummy text of the printing and typesetting industry. Lorem Ipsum has been the industry's standard dummy text ever since the 1500s, when an unknown printer took a galley of type and scrambled it to make a type specimen book. It has survived not only five centuries, but also the leap into electronic typesetting, remaining essentially unchanged. It was popularised in the 1960s with the release of Letraset sheets containing Lorem Ipsum passages, and more recently with desktop publishing software like Aldus PageMaker including versions of Lorem Ipsum.",https://m.media-amazon.com/images/I/71P2qNdRNRL._AC_SX500._SX._UX._SY._UY_.jpg,https://m.media-amazon.com/images/I/81C-iivLTJL._AC_SX500._SX._UX._SY._UY_.jpg,Sports ,Women,109.39,reqular,1,4,0,4,patina-green-mizuno-womens-wave
55,Skechers Women's D'Lites Memory Foam Lace-up Sneaker,Skechers Women's D'Lites Memory Foam,"Lorem Ipsum of is simply dummy text of the printing and typesetting industry. Lorem Ipsum has been the industry's standard dummy text ever since the 1500s, when an unknown printer took a galley of type and scrambled it to make a type specimen book. It has survived not only five centuries, but also the leap into electronic typesetting, remaining essentially unchanged. It was popularised in the 1960s with the release of Letraset sheets containing Lorem Ipsum passages, and more recently with desktop publishing software like Aldus PageMaker including versions of Lorem Ipsum.",https://images-na.ssl-images-amazon.com/images/I/71Dy6IjPOJL._AC_UX500_.jpg,https://images-na.ssl-images-amazon.com/images/I/81TQl6KrbFL._AC_UX625_.jpg,Sports ,Women,140.35,reqular,1,1,1,2,skechers-womens-dlites-memory-foam
56,Merrell Women's Agility Synthesis Flex Trail Runner Shoe Sneaker,Merrell Women's Agility Synthesis Flex,"Lorem Ipsum of is simply dummy text of the printing and typesetting industry. Lorem Ipsum has been the industry's standard dummy text ever since the 1500s, when an unknown printer took a galley of type and scrambled it to make a type specimen book. It has survived not only five centuries, but also the leap into electronic typesetting, remaining essentially unchanged. It was popularised in the 1960s with the release of Letraset sheets containing Lorem Ipsum passages, and more recently with desktop publishing software like Aldus PageMaker including versions of Lorem Ipsum.",https://images-na.ssl-images-amazon.com/images/I/81kldWhTT2L._AC_UX500_.jpg,https://images-na.ssl-images-amazon.com/images/I/81mFYbCM5xL._AC_UX500_.jpg,Sports ,Women,110.94,reqular,3,2,2,1,merrell-womens-agility-synthesis-flex
57,JOOMRA Women's Minimalist Trail Running Barefoot Shoes | Wide Toe Box,JOOMRA Women's Minimalist Trail Running,"Lorem Ipsum of is simply dummy text of the printing and typesetting industry. Lorem Ipsum has been the industry's standard dummy text ever since the 1500s, when an unknown printer took a galley of type and scrambled it to make a type specimen book. It has survived not only five centuries, but also the leap into electronic typesetting, remaining essentially unchanged. It was popularised in the 1960s with the release of Letraset sheets containing Lorem Ipsum passages, and more recently with desktop publishing software like Aldus PageMaker including versions of Lorem Ipsum.",https://images-na.ssl-images-amazon.com/images/I/81EIu5ErAML._AC_UX575_.jpg,https://images-na.ssl-images-amazon.com/images/I/81aYJBXFQIL._AC_UX575_.jpg,Sports ,Women,35.99,reqular,4,3,2,2,joomra-womens-minimalist-trail-running
58,WHITIN Women's Trail Runner | Barefoot & Minimalist Shoe | Zero Drop Sole,WHITIN Women's Trail Runner |,"Lorem Ipsum of is simply dummy text of the printing and typesetting industry. Lorem Ipsum has been the industry's standard dummy text ever since the 1500s, when an unknown printer took a galley of type and scrambled it to make a type specimen book. It has survived not only five centuries, but also the leap into electronic typesetting, remaining essentially unchanged. It was popularised in the 1960s with the release of Letraset sheets containing Lorem Ipsum passages, and more recently with desktop publishing software like Aldus PageMaker including versions of Lorem Ipsum.",https://images-na.ssl-images-amazon.com/images/I/61nWahXL%2B2L._AC_UX500_.jpg,https://images-na.ssl-images-amazon.com/images/I/71Z%2BQ3X6aHL._AC_UX500_.jpg,Sports ,Women,36.99,reqular,5,0,0,2,whitin-womens-trail-runner-|
59,YHOON Women's Walking Shoes - Sock Sneakers Slip on Mesh Platform Air Cushion Athletic Shoes Work Nurse Comfortable,YHOON Women's Walking Shoes -,"Lorem Ipsum of is simply dummy text of the printing and typesetting industry. Lorem Ipsum has been the industry's standard dummy text ever since the 1500s, when an unknown printer took a galley of type and scrambled it to make a type specimen book. It has survived not only five centuries, but also the leap into electronic typesetting, remaining essentially unchanged. It was popularised in the 1960s with the release of Letraset sheets containing Lorem Ipsum passages, and more recently with desktop publishing software like Aldus PageMaker including versions of Lorem Ipsum.",https://m.media-amazon.com/images/I/91AAd23GhEL._AC_SY500._SX._UX._SY._UY_.jpg,https://m.media-amazon.com/images/I/91BnSomOKsL._AC_SY500._SX._UX._SY._UY_.jpg,Sports ,Women,32.99,reqular,4,0,3,2,yhoon-womens-walking-shoes--
60,ASICS Women's Gel-Venture 7 Running Shoes,ASICS Women's Gel-Venture 7 Running,"Lorem Ipsum of is simply dummy text of the printing and typesetting industry. Lorem Ipsum has been the industry's standard dummy text ever since the 1500s, when an unknown printer took a galley of type and scrambled it to make a type specimen book. It has survived not only five centuries, but also the leap into electronic typesetting, remaining essentially unchanged. It was popularised in the 1960s with the release of Letraset sheets containing Lorem Ipsum passages, and more recently with desktop publishing software like Aldus PageMaker including versions of Lorem Ipsum.",https://m.media-amazon.com/images/I/61IaH2RZ3oL._AC_SX500._SX._UX._SY._UY_.jpg,https://m.media-amazon.com/images/I/61y4dZyFobL._AC_SX500._SX._UX._SY._UY_.jpg,Sports ,Women,145.9,reqular,5,2,3,2,asics-womens-gel-venture-7-running
61,Green Camo Simple Joys by Carter's Toddler and Little Boys' (1-8 yrs) Casual Slip-On Canvas Shoe,Green Camo Simple Joys by,"Lorem Ipsum of is simply dummy text of the printing and typesetting industry. Lorem Ipsum has been the industry's standard dummy text ever since the 1500s, when an unknown printer took a galley of type and scrambled it to make a type specimen book. It has survived not only five centuries, but also the leap into electronic typesetting, remaining essentially unchanged. It was popularised in the 1960s with the release of Letraset sheets containing Lorem Ipsum passages, and more recently with desktop publishing software like Aldus PageMaker including versions of Lorem Ipsum.",https://images-na.ssl-images-amazon.com/images/I/811p2GO1iGL._AC_UY500_.jpg,https://images-na.ssl-images-amazon.com/images/I/810qdm5F3zL._AC_UY500_.jpg,Casual,Boys,36.99,new_arrival,5,2,2,2,green-camo-simple-joys-by
62,Gray Simple Joys by Carter's Toddler and Little Boys' (1-8 yrs) Casual Slip-On Canvas Shoe,Gray Simple Joys by Carter's,"Lorem Ipsum of is simply dummy text of the printing and typesetting industry. Lorem Ipsum has been the industry's standard dummy text ever since the 1500s, when an unknown printer took a galley of type and scrambled it to make a type specimen book. It has survived not only five centuries, but also the leap into electronic typesetting, remaining essentially unchanged. It was popularised in the 1960s with the release of Letraset sheets containing Lorem Ipsum passages, and more recently with desktop publishing software like Aldus PageMaker including versions of Lorem Ipsum.",https://m.media-amazon.com/images/I/81wYJAVMbcL._AC_SX500._SX._UX._SY._UY_.jpg,https://m.media-amazon.com/images/I/81V0gGloFdL._AC_SX500._SX._UX._SY._UY_.jpg,Casual,Boys,53.03,new_arrival,2,4,4,0,gray-simple-joys-by-carters
63,Grey Under Armour Kids' Pre School Impulse Alternative Closure Sneaker,Grey Under Armour Kids' Pre,"Lorem Ipsum of is simply dummy text of the printing and typesetting industry. Lorem Ipsum has been the industry's standard dummy text ever since the 1500s, when an unknown printer took a galley of type and scrambled it to make a type specimen book. It has survived not only five centuries, but also the leap into electronic typesetting, remaining essentially unchanged. It was popularised in the 1960s with the release of Letraset sheets containing Lorem Ipsum passages, and more recently with desktop publishing software like Aldus PageMaker including versions of Lorem Ipsum.",https://images-na.ssl-images-amazon.com/images/I/8104vwcbB2L._AC_UX500_.jpg,https://images-na.ssl-images-amazon.com/images/I/81ZB4Z7EZUL._AC_UX500_.jpg,Casual,Boys,54.03,reqular,5,1,4,3,grey-under-armour-kids-pre
64,Black Under Armour Kids' Pre School Impulse Alternative Closure Sneaker,Black Under Armour Kids' Pre,"Lorem Ipsum of is simply dummy text of the printing and typesetting industry. Lorem Ipsum has been the industry's standard dummy text ever since the 1500s, when an unknown printer took a galley of type and scrambled it to make a type specimen book. It has survived not only five centuries, but also the leap into electronic typesetting, remaining essentially unchanged. It was popularised in the 1960s with the release of Letraset sheets containing Lorem Ipsum passages, and more recently with desktop publishing software like Aldus PageMaker including versions of Lorem Ipsum.",https://m.media-amazon.com/images/I/71XhnCMnJWL._AC_SX500._SX._UX._SY._UY_.jpg,https://m.media-amazon.com/images/I/71TWIXfz6kL._AC_SX500._SX._UX._SY._UY_.jpg,Casual,Boys,54.03,reqular,2,2,5,4,black-under-armour-kids-pre
65,KEEN Kids' Venice H2 Closed Toe Water Sandal,KEEN Kids' Venice H2 Closed,"Lorem Ipsum of is simply dummy text of the printing and typesetting industry. Lorem Ipsum has been the industry's standard dummy text ever since the 1500s, when an unknown printer took a galley of type and scrambled it to make a type specimen book. It has survived not only five centuries, but also the leap into electronic typesetting, remaining essentially unchanged. It was popularised in the 1960s with the release of Letraset sheets containing Lorem Ipsum passages, and more recently with desktop publishing software like Aldus PageMaker including versions of Lorem Ipsum.",https://m.media-amazon.com/images/I/81EcwFYMkOL._AC_SX500._SX._UX._SY._UY_.jpg,https://m.media-amazon.com/images/I/81ZsO+7VKxL._AC_SX500._SX._UX._SY._UY_.jpg,Casual,Boys,54.03,reqular,0,0,1,1,keen-kids-venice-h2-closed
66,New Balance Kid's FuelCore Reveal Boa V2 Alternative Closure Running Shoe,New Balance Kid's FuelCore Reveal,"Lorem Ipsum of is simply dummy text of the printing and typesetting industry. Lorem Ipsum has been the industry's standard dummy text ever since the 1500s, when an unknown printer took a galley of type and scrambled it to make a type specimen book. It has survived not only five centuries, but also the leap into electronic typesetting, remaining essentially unchanged. It was popularised in the 1960s with the release of Letraset sheets containing Lorem Ipsum passages, and more recently with desktop publishing software like Aldus PageMaker including versions of Lorem Ipsum.",https://images-na.ssl-images-amazon.com/images/I/71GwkMxiwKL._AC_UX500_.jpg,https://images-na.ssl-images-amazon.com/images/I/71GwkMxiwKL._AC_UX500_.jpg,Casual,Boys,54.03,reqular,2,5,2,4,new-balance-kids-fuelcore-reveal
67,Bail Blue New Balance Kid's FuelCore Reveal Boa V2 Alternative Closure Running Shoe,Bail Blue New Balance Kid's,"Lorem Ipsum of is simply dummy text of the printing and typesetting industry. Lorem Ipsum has been the industry's standard dummy text ever since the 1500s, when an unknown printer took a galley of type and scrambled it to make a type specimen book. It has survived not only five centuries, but also the leap into electronic typesetting, remaining essentially unchanged. It was popularised in the 1960s with the release of Letraset sheets containing Lorem Ipsum passages, and more recently with desktop publishing software like Aldus PageMaker including versions of Lorem Ipsum.",https://m.media-amazon.com/images/I/71gUKlVp7qL._AC_SX500._SX._UX._SY._UY_.jpg,https://m.media-amazon.com/images/I/71AXgXXzWHL._AC_SX500._SX._UX._SY._UY_.jpg,Casual,Boys,54.03,reqular,2,5,5,3,bail-blue-new-balance-kids
68,Black adidas Kids' Grand Court Sneaker,Black adidas Kids' Grand Court,"Lorem Ipsum of is simply dummy text of the printing and typesetting industry. Lorem Ipsum has been the industry's standard dummy text ever since the 1500s, when an unknown printer took a galley of type and scrambled it to make a type specimen book. It has survived not only five centuries, but also the leap into electronic typesetting, remaining essentially unchanged. It was popularised in the 1960s with the release of Letraset sheets containing Lorem Ipsum passages, and more recently with desktop publishing software like Aldus PageMaker including versions of Lorem Ipsum.",https://images-na.ssl-images-amazon.com/images/I/519d2EQX2rL._AC_UY500_.jpg,https://images-na.ssl-images-amazon.com/images/I/61oAHX3u7BL._AC_UX500_.jpg,Casual,Boys,54.03,reqular,4,4,0,3,black-adidas-kids-grand-court
69,Blue adidas Kids' Grand Court Sneaker,Blue adidas Kids' Grand Court,"Lorem Ipsum of is simply dummy text of the printing and typesetting industry. Lorem Ipsum has been the industry's standard dummy text ever since the 1500s, when an unknown printer took a galley of type and scrambled it to make a type specimen book. It has survived not only five centuries, but also the leap into electronic typesetting, remaining essentially unchanged. It was popularised in the 1960s with the release of Letraset sheets containing Lorem Ipsum passages, and more recently with desktop publishing software like Aldus PageMaker including versions of Lorem Ipsum.",https://m.media-amazon.com/images/I/71DKBhCmAHL._AC_SX500._SX._UX._SY._UY_.jpg,https://m.media-amazon.com/images/I/71KptQQq14L._AC_SX500._SX._UX._SY._UY_.jpg,Casual,Boys,54.03,reqular,4,5,3,3,blue-adidas-kids-grand-court
70,Dark Blue adidas Kids' Grand Court Sneaker,Dark Blue adidas Kids' Grand,"Lorem Ipsum of is simply dummy text of the printing and typesetting industry. Lorem Ipsum has been the industry's standard dummy text ever since the 1500s, when an unknown printer took a galley of type and scrambled it to make a type specimen book. It has survived not only five centuries, but also the leap into electronic typesetting, remaining essentially unchanged. It was popularised in the 1960s with the release of Letraset sheets containing Lorem Ipsum passages, and more recently with desktop publishing software like Aldus PageMaker including versions of Lorem Ipsum.",https://m.media-amazon.com/images/I/71DLYmju-XL._AC_SX500._SX._UX._SY._UY_.jpg,https://m.media-amazon.com/images/I/71DLYmju-XL._AC_SX500._SX._UX._SY._UY_.jpg,Casual,Boys,54.03,reqular,1,5,5,5,dark-blue-adidas-kids-grand
71,Pink Under Armour Kids' Pre School Impulse Alternative Closure Sneaker,Pink Under Armour Kids' Pre,"Lorem Ipsum of is simply dummy text of the printing and typesetting industry. Lorem Ipsum has been the industry's standard dummy text ever since the 1500s, when an unknown printer took a galley of type and scrambled it to make a type specimen book. It has survived not only five centuries, but also the leap into electronic typesetting, remaining essentially unchanged. It was popularised in the 1960s with the release of Letraset sheets containing Lorem Ipsum passages, and more recently with desktop publishing software like Aldus PageMaker including versions of Lorem Ipsum.",https://m.media-amazon.com/images/I/818h1Ws0CgL._AC_SX500._SX._UX._SY._UY_.jpg,https://m.media-amazon.com/images/I/710EM4oguoL._AC_SX500._SX._UX._SY._UY_.jpg,Casual,Girls,55.03,new_arrival,1,2,0,3,pink-under-armour-kids-pre
72,Purple Dusk Under Armour Kids' Pre School Impulse Alternative Closure Sneaker,Purple Dusk Under Armour Kids',"Lorem Ipsum of is simply dummy text of the printing and typesetting industry. Lorem Ipsum has been the industry's standard dummy text ever since the 1500s, when an unknown printer took a galley of type and scrambled it to make a type specimen book. It has survived not only five centuries, but also the leap into electronic typesetting, remaining essentially unchanged. It was popularised in the 1960s with the release of Letraset sheets containing Lorem Ipsum passages, and more recently with desktop publishing software like Aldus PageMaker including versions of Lorem Ipsum.",https://m.media-amazon.com/images/I/71cp8piaw8L._AC_SX500._SX._UX._SY._UY_.jpg,https://m.media-amazon.com/images/I/716s8QIpaoL._AC_SX500._SX._UX._SY._UY_.jpg,Casual,Girls,56.03,new_arrival,1,1,5,5,purple-dusk-under-armour-kids
73,KEEN Kids' Venice H2 Closed Toe Water Sandal,KEEN Kids' Venice H2 Closed,"Lorem Ipsum of is simply dummy text of the printing and typesetting industry. Lorem Ipsum has been the industry's standard dummy text ever since the 1500s, when an unknown printer took a galley of type and scrambled it to make a type specimen book. It has survived not only five centuries, but also the leap into electronic typesetting, remaining essentially unchanged. It was popularised in the 1960s with the release of Letraset sheets containing Lorem Ipsum passages, and more recently with desktop publishing software like Aldus PageMaker including versions of Lorem Ipsum.",https://images-na.ssl-images-amazon.com/images/I/712OH6iQcAL._AC_UX500_.jpg,https://images-na.ssl-images-amazon.com/images/I/719I-KUy-IL._AC_UX500_.jpg,Casual,Girls,57.03,reqular,3,2,1,4,keen-kids-venice-h2-closed
74,Pink New Balance Kid's FuelCore Reveal Boa V2 Alternative Closure Running Shoe,Pink New Balance Kid's FuelCore,"Lorem Ipsum of is simply dummy text of the printing and typesetting industry. Lorem Ipsum has been the industry's standard dummy text ever since the 1500s, when an unknown printer took a galley of type and scrambled it to make a type specimen book. It has survived not only five centuries, but also the leap into electronic typesetting, remaining essentially unchanged. It was popularised in the 1960s with the release of Letraset sheets containing Lorem Ipsum passages, and more recently with desktop publishing software like Aldus PageMaker including versions of Lorem Ipsum.",https://m.media-amazon.com/images/I/71Fprt+lmxL._AC_SX500._SX._UX._SY._UY_.jpg,https://m.media-amazon.com/images/I/813yIm7JmlL._AC_SX500._SX._UX._SY._UY_.jpg,Casual,Girls,58.03,reqular,0,4,5,5,pink-new-balance-kids-fuelcore
75,Red New Balance Kid's FuelCore Reveal Boa V2 Alternative Closure Running Shoe,Red New Balance Kid's FuelCore,"Lorem Ipsum of is simply dummy text of the printing and typesetting industry. Lorem Ipsum has been the industry's standard dummy text ever since the 1500s, when an unknown printer took a galley of type and scrambled it to make a type specimen book. It has survived not only five centuries, but also the leap into electronic typesetting, remaining essentially unchanged. It was popularised in the 1960s with the release of Letraset sheets containing Lorem Ipsum passages, and more recently with desktop publishing software like Aldus PageMaker including versions of Lorem Ipsum.",https://m.media-amazon.com/images/I/71ww56ytGLL._AC_SX500._SX._UX._SY._UY_.jpg,https://m.media-amazon.com/images/I/81vAyypawsL._AC_SX500._SX._UX._SY._UY_.jpg,Casual,Girls,59.03,reqular,4,1,3,1,red-new-balance-kids-fuelcore
76,Pink adidas Kids' Grand Court Sneaker,Pink adidas Kids' Grand Court,"Lorem Ipsum of is simply dummy text of the printing and typesetting industry. Lorem Ipsum has been the industry's standard dummy text ever since the 1500s, when an unknown printer took a galley of type and scrambled it to make a type specimen book. It has survived not only five centuries, but also the leap into electronic typesetting, remaining essentially unchanged. It was popularised in the 1960s with the release of Letraset sheets containing Lorem Ipsum passages, and more recently with desktop publishing software like Aldus PageMaker including versions of Lorem Ipsum.",https://m.media-amazon.com/images/I/71CAaUfZpkL._AC_SX500._SX._UX._SY._UY_.jpg,https://m.media-amazon.com/images/I/71LzSjo8RrL._AC_SX500._SX._UX._SY._UY_.jpg,Casual,Girls,60.03,reqular,0,5,4,1,pink-adidas-kids-grand-court
77,Gold adidas Kids' Grand Court Sneaker,Gold adidas Kids' Grand Court,"Lorem Ipsum of is simply dummy text of the printing and typesetting industry. Lorem Ipsum has been the industry's standard dummy text ever since the 1500s, when an unknown printer took a galley of type and scrambled it to make a type specimen book. It has survived not only five centuries, but also the leap into electronic typesetting, remaining essentially unchanged. It was popularised in the 1960s with the release of Letraset sheets containing Lorem Ipsum passages, and more recently with desktop publishing software like Aldus PageMaker including versions of Lorem Ipsum.",https://m.media-amazon.com/images/I/71jtRyPx2SL._AC_SX500._SX._UX._SY._UY_.jpg,https://m.media-amazon.com/images/I/71cUGlMln4L._AC_SX500._SX._UX._SY._UY_.jpg,Casual,Girls,61.03,reqular,1,5,1,2,gold-adidas-kids-grand-court
78,KEEN Kids' Newport H2 Sandal,KEEN Kids' Newport H2 Sandal,"Lorem Ipsum of is simply dummy text of the printing and typesetting industry. Lorem Ipsum has been the industry's standard dummy text ever since the 1500s, when an unknown printer took a galley of type and scrambled it to make a type specimen book. It has survived not only five centuries, but also the leap into electronic typesetting, remaining essentially unchanged. It was popularised in the 1960s with the release of Letraset sheets containing Lorem Ipsum passages, and more recently with desktop publishing software like Aldus PageMaker including versions of Lorem Ipsum.",https://images-na.ssl-images-amazon.com/images/I/81Joj%2B17DTL._AC_UX500_.jpg,https://images-na.ssl-images-amazon.com/images/I/71HAjGH-F8L._AC_UX500_.jpg,Casual,Girls,62.03,reqular,0,0,1,2,keen-kids-newport-h2-sandal
79,adidas Kids' Hoops Mid 2.0 Basketball Shoe,adidas Kids' Hoops Mid 2.0,"Lorem Ipsum of is simply dummy text of the printing and typesetting industry. Lorem Ipsum has been the industry's standard dummy text ever since the 1500s, when an unknown printer took a galley of type and scrambled it to make a type specimen book. It has survived not only five centuries, but also the leap into electronic typesetting, remaining essentially unchanged. It was popularised in the 1960s with the release of Letraset sheets containing Lorem Ipsum passages, and more recently with desktop publishing software like Aldus PageMaker including versions of Lorem Ipsum.",https://images-na.ssl-images-amazon.com/images/I/71Qwk4IS2QL._AC_UY500_.jpg,https://images-na.ssl-images-amazon.com/images/I/817fg7HC4mL._AC_UX500_.jpg,Casual,Girls,63.03,reqular,3,5,3,5,adidas-kids-hoops-mid-2.0
80,New Balance Kid's Fresh Foam Arishi V2 Bungee Running Shoe,New Balance Kid's Fresh Foam,"Lorem Ipsum of is simply dummy text of the printing and typesetting industry. Lorem Ipsum has been the industry's standard dummy text ever since the 1500s, when an unknown printer took a galley of type and scrambled it to make a type specimen book. It has survived not only five centuries, but also the leap into electronic typesetting, remaining essentially unchanged. It was popularised in the 1960s with the release of Letraset sheets containing Lorem Ipsum passages, and more recently with desktop publishing software like Aldus PageMaker including versions of Lorem Ipsum.",https://images-na.ssl-images-amazon.com/images/I/81P8XyYVGmL._AC_UX500_.jpg,https://images-na.ssl-images-amazon.com/images/I/81gRNqyWOcL._AC_UX500_.jpg,Casual,Girls,64.03,reqular,1,1,2,2,new-balance-kids-fresh-foam
81,Black Mens Handmade Leather Traditional Peshawari Chappal Boys Outdoor Walk Summer Shoes Adults Formal Casual Occasions Sandals US 8-13,Black Mens Handmade Leather Traditional,"Lorem Ipsum of is simply dummy text of the printing and typesetting industry. Lorem Ipsum has been the industry's standard dummy text ever since the 1500s, when an unknown printer took a galley of type and scrambled it to make a type specimen book. It has survived not only five centuries, but also the leap into electronic typesetting, remaining essentially unchanged. It was popularised in the 1960s with the release of Letraset sheets containing Lorem Ipsum passages, and more recently with desktop publishing software like Aldus PageMaker including versions of Lorem Ipsum.",https://images-na.ssl-images-amazon.com/images/I/61hGLDL5MyL._AC_UY500_.jpg,https://images-na.ssl-images-amazon.com/images/I/61OtWFh8c7L._AC_UX500_.jpg,eid_collection,men ,128.9,eid_collection,4,1,2,3,black-mens-handmade-leather-traditional
82,Burgundy Mens Handmade Leather Traditional Peshawari Chappal Boys Outdoor Walk Summer Shoes Adults Formal Casual Occasions Sandals US 8-13,Burgundy Mens Handmade Leather Traditional,"Lorem Ipsum of is simply dummy text of the printing and typesetting industry. Lorem Ipsum has been the industry's standard dummy text ever since the 1500s, when an unknown printer took a galley of type and scrambled it to make a type specimen book. It has survived not only five centuries, but also the leap into electronic typesetting, remaining essentially unchanged. It was popularised in the 1960s with the release of Letraset sheets containing Lorem Ipsum passages, and more recently with desktop publishing software like Aldus PageMaker including versions of Lorem Ipsum.",https://m.media-amazon.com/images/I/610hGl8kJdL._AC_SY500._SX._UX._SY._UY_.jpg,https://m.media-amazon.com/images/I/61XAS+qB+xL._AC_SX500._SX._UX._SY._UY_.jpg,eid_collection,men ,129.9,eid_collection,0,0,0,1,burgundy-mens-handmade-leather-traditional
83,Brown Mens Handmade Leather Traditional Peshawari Chappal Boys Outdoor Walk Summer Shoes Adults Formal Casual Occasions Sandals US 8-13,Brown Mens Handmade Leather Traditional,"Lorem Ipsum of is simply dummy text of the printing and typesetting industry. Lorem Ipsum has been the industry's standard dummy text ever since the 1500s, when an unknown printer took a galley of type and scrambled it to make a type specimen book. It has survived not only five centuries, but also the leap into electronic typesetting, remaining essentially unchanged. It was popularised in the 1960s with the release of Letraset sheets containing Lorem Ipsum passages, and more recently with desktop publishing software like Aldus PageMaker including versions of Lorem Ipsum.",https://m.media-amazon.com/images/I/61iEITE+XSL._AC_SY500._SX._UX._SY._UY_.jpg,https://m.media-amazon.com/images/I/61-s36p6RxL._AC_SX500._SX._UX._SY._UY_.jpg,eid_collection,men ,130.9,eid_collection,4,5,4,1,brown-mens-handmade-leather-traditional
84,Indicraft Handcrafted Ethnic Patiyala Punjabi Khussa Sherwani & Wedding Collection,Indicraft Handcrafted Ethnic Patiyala Punjabi,"Lorem Ipsum of is simply dummy text of the printing and typesetting industry. Lorem Ipsum has been the industry's standard dummy text ever since the 1500s, when an unknown printer took a galley of type and scrambled it to make a type specimen book. It has survived not only five centuries, but also the leap into electronic typesetting, remaining essentially unchanged. It was popularised in the 1960s with the release of Letraset sheets containing Lorem Ipsum passages, and more recently with desktop publishing software like Aldus PageMaker including versions of Lorem Ipsum.",https://images-na.ssl-images-amazon.com/images/I/61xMviWPoTL._AC_UX500_.jpg,https://images-na.ssl-images-amazon.com/images/I/61FtnTgzAQL._AC_UX500_.jpg,eid_collection,men ,131.9,eid_collection,1,3,0,2,indicraft-handcrafted-ethnic-patiyala-punjabi
85,Step n Style Men's Flat Full Black Zari Khussa Shoes Pakistani Style Punjabi Jutti,Step n Style Men's Flat,"Lorem Ipsum of is simply dummy text of the printing and typesetting industry. Lorem Ipsum has been the industry's standard dummy text ever since the 1500s, when an unknown printer took a galley of type and scrambled it to make a type specimen book. It has survived not only five centuries, but also the leap into electronic typesetting, remaining essentially unchanged. It was popularised in the 1960s with the release of Letraset sheets containing Lorem Ipsum passages, and more recently with desktop publishing software like Aldus PageMaker including versions of Lorem Ipsum.",https://images-na.ssl-images-amazon.com/images/I/61EVOpYRlBL._AC_UX500_.jpg,https://images-na.ssl-images-amazon.com/images/I/71JqD0QugWL._AC_UX500_.jpg,eid_collection,men ,132.9,eid_collection,1,1,3,4,step-n-style-mens-flat
86,Silver Girls-Big Kids Mia Casual Shoes,Silver Girls-Big Kids Mia Casual,"Lorem Ipsum of is simply dummy text of the printing and typesetting industry. Lorem Ipsum has been the industry's standard dummy text ever since the 1500s, when an unknown printer took a galley of type and scrambled it to make a type specimen book. It has survived not only five centuries, but also the leap into electronic typesetting, remaining essentially unchanged. It was popularised in the 1960s with the release of Letraset sheets containing Lorem Ipsum passages, and more recently with desktop publishing software like Aldus PageMaker including versions of Lorem Ipsum.",https://images-na.ssl-images-amazon.com/images/I/41pxsF8WiyL._AC_.jpg,https://images-na.ssl-images-amazon.com/images/I/61XXfItRoyL._AC_UY695_.jpg,eid_collection,Girls,29.98,eid_collection,5,5,4,2,silver-girls-big-kids-mia-casual
87,Black Girls-Big Kids Mia Casual Shoes,Black Girls-Big Kids Mia Casual,"Lorem Ipsum of is simply dummy text of the printing and typesetting industry. Lorem Ipsum has been the industry's standard dummy text ever since the 1500s, when an unknown printer took a galley of type and scrambled it to make a type specimen book. It has survived not only five centuries, but also the leap into electronic typesetting, remaining essentially unchanged. It was popularised in the 1960s with the release of Letraset sheets containing Lorem Ipsum passages, and more recently with desktop publishing software like Aldus PageMaker including versions of Lorem Ipsum.",https://m.media-amazon.com/images/I/61+bWZ+40QL._AC_SX500._SX._UX._SY._UY_.jpg,https://m.media-amazon.com/images/I/61zonLDslvL._AC_SX500._SX._UX._SY._UY_.jpg,eid_collection,Girls,86.99,eid_collection,1,4,5,0,black-girls-big-kids-mia-casual
88,SANDALUP Little Girls Dress Shoes Ballet Flats Inlaid with Pearl and Rhinestone Strap,SANDALUP Little Girls Dress Shoes,"Lorem Ipsum of is simply dummy text of the printing and typesetting industry. Lorem Ipsum has been the industry's standard dummy text ever since the 1500s, when an unknown printer took a galley of type and scrambled it to make a type specimen book. It has survived not only five centuries, but also the leap into electronic typesetting, remaining essentially unchanged. It was popularised in the 1960s with the release of Letraset sheets containing Lorem Ipsum passages, and more recently with desktop publishing software like Aldus PageMaker including versions of Lorem Ipsum.",https://images-na.ssl-images-amazon.com/images/I/61dmNL9EYiL._AC_UY500_.jpg,https://images-na.ssl-images-amazon.com/images/I/71W8aLXqT8L._AC_UY500_.jpg,eid_collection,Girls,75.99,eid_collection,4,4,1,2,sandalup-little-girls-dress-shoes
89,Maxu Kid Girl PU Dress Shoe Hook and Loop Bow Flat,Maxu Kid Girl PU Dress,"Lorem Ipsum of is simply dummy text of the printing and typesetting industry. Lorem Ipsum has been the industry's standard dummy text ever since the 1500s, when an unknown printer took a galley of type and scrambled it to make a type specimen book. It has survived not only five centuries, but also the leap into electronic typesetting, remaining essentially unchanged. It was popularised in the 1960s with the release of Letraset sheets containing Lorem Ipsum passages, and more recently with desktop publishing software like Aldus PageMaker including versions of Lorem Ipsum.",https://images-na.ssl-images-amazon.com/images/I/51W%2BiFD77WL._AC_UY500_.jpg,https://images-na.ssl-images-amazon.com/images/I/51iW-rekiIL._AC_UY500_.jpg,eid_collection,Girls,50.26,eid_collection,4,2,4,1,maxu-kid-girl-pu-dress
90,DREAM PAIRS Girl's Aurora-03 Mary Jane Ballerina Flat Shoes,DREAM PAIRS Girl's Aurora-03 Mary,"Lorem Ipsum of is simply dummy text of the printing and typesetting industry. Lorem Ipsum has been the industry's standard dummy text ever since the 1500s, when an unknown printer took a galley of type and scrambled it to make a type specimen book. It has survived not only five centuries, but also the leap into electronic typesetting, remaining essentially unchanged. It was popularised in the 1960s with the release of Letraset sheets containing Lorem Ipsum passages, and more recently with desktop publishing software like Aldus PageMaker including versions of Lorem Ipsum.",https://m.media-amazon.com/images/I/713-dyU-IKL._AC_SX500._SX._UX._SY._UY_.jpg,https://m.media-amazon.com/images/I/8156o-MLAdL._AC_SY500._SX._UX._SY._UY_.jpg,eid_collection,Girls,96.65,eid_collection,4,2,0,5,dream-pairs-girls-aurora-03-mary
91,Timberland Adventure Seeker Two-Strap Sandal (Toddler/Little Kid),Timberland Adventure Seeker Two-Strap Sandal,"Lorem Ipsum of is simply dummy text of the printing and typesetting industry. Lorem Ipsum has been the industry's standard dummy text ever since the 1500s, when an unknown printer took a galley of type and scrambled it to make a type specimen book. It has survived not only five centuries, but also the leap into electronic typesetting, remaining essentially unchanged. It was popularised in the 1960s with the release of Letraset sheets containing Lorem Ipsum passages, and more recently with desktop publishing software like Aldus PageMaker including versions of Lorem Ipsum.",https://images-na.ssl-images-amazon.com/images/I/61aPsDxTJGL._AC_UX500_.jpg,https://images-na.ssl-images-amazon.com/images/I/71LppjWU9tL._AC_UX500_.jpg,eid_collection,Boys,86.14,eid_collection,0,4,4,0,timberland-adventure-seeker-two-strap-sandal
92,HOBIBEAR Boys Girls Sport Water Sandals Closed-Toe Outdoor(Toddler/Little Kid/Big Kid),HOBIBEAR Boys Girls Sport Water,"Lorem Ipsum of is simply dummy text of the printing and typesetting industry. Lorem Ipsum has been the industry's standard dummy text ever since the 1500s, when an unknown printer took a galley of type and scrambled it to make a type specimen book. It has survived not only five centuries, but also the leap into electronic typesetting, remaining essentially unchanged. It was popularised in the 1960s with the release of Letraset sheets containing Lorem Ipsum passages, and more recently with desktop publishing software like Aldus PageMaker including versions of Lorem Ipsum.",https://images-na.ssl-images-amazon.com/images/I/619WgqRbhdL._AC_UY500_.jpg,https://images-na.ssl-images-amazon.com/images/I/71ObUiDaHBL._AC_UY500_.jpg,eid_collection,Boys,87.14,eid_collection,1,0,1,1,hobibear-boys-girls-sport-water
93,Burgundy Kids Handmade Leather Traditional Peshawari Chappal Boys Outdoor Walk Summer Shoes Kids Formal Casual Occasions Sandals,Burgundy Kids Handmade Leather Traditional,"Lorem Ipsum of is simply dummy text of the printing and typesetting industry. Lorem Ipsum has been the industry's standard dummy text ever since the 1500s, when an unknown printer took a galley of type and scrambled it to make a type specimen book. It has survived not only five centuries, but also the leap into electronic typesetting, remaining essentially unchanged. It was popularised in the 1960s with the release of Letraset sheets containing Lorem Ipsum passages, and more recently with desktop publishing software like Aldus PageMaker including versions of Lorem Ipsum.",https://m.media-amazon.com/images/I/610hGl8kJdL._AC_SY500._SX._UX._SY._UY_.jpg,https://m.media-amazon.com/images/I/61XAS+qB+xL._AC_SX500._SX._UX._SY._UY_.jpg,eid_collection,Boys,129.9,eid_collection,4,4,0,1,burgundy-kids-handmade-leather-traditional
94,Brown Kids Handmade Leather Traditional Peshawari Chappal Boys Outdoor Walk Summer Shoes Kids Formal Casual Occasions Sandals,Brown Kids Handmade Leather Traditional,"Lorem Ipsum of is simply dummy text of the printing and typesetting industry. Lorem Ipsum has been the industry's standard dummy text ever since the 1500s, when an unknown printer took a galley of type and scrambled it to make a type specimen book. It has survived not only five centuries, but also the leap into electronic typesetting, remaining essentially unchanged. It was popularised in the 1960s with the release of Letraset sheets containing Lorem Ipsum passages, and more recently with desktop publishing software like Aldus PageMaker including versions of Lorem Ipsum.",https://m.media-amazon.com/images/I/61iEITE+XSL._AC_SY500._SX._UX._SY._UY_.jpg,https://m.media-amazon.com/images/I/61-s36p6RxL._AC_SX500._SX._UX._SY._UY_.jpg,eid_collection,Boys,130.9,eid_collection,4,5,5,3,brown-kids-handmade-leather-traditional
95,Kids Indicraft Handcrafted Ethnic Patiyala Punjabi Khussa Sherwani & Wedding Collection,Kids Indicraft Handcrafted Ethnic Patiyala,"Lorem Ipsum of is simply dummy text of the printing and typesetting industry. Lorem Ipsum has been the industry's standard dummy text ever since the 1500s, when an unknown printer took a galley of type and scrambled it to make a type specimen book. It has survived not only five centuries, but also the leap into electronic typesetting, remaining essentially unchanged. It was popularised in the 1960s with the release of Letraset sheets containing Lorem Ipsum passages, and more recently with desktop publishing software like Aldus PageMaker including versions of Lorem Ipsum.",https://images-na.ssl-images-amazon.com/images/I/61xMviWPoTL._AC_UX500_.jpg,https://images-na.ssl-images-amazon.com/images/I/61FtnTgzAQL._AC_UX500_.jpg,eid_collection,Boys,131.9,eid_collection,3,5,0,0,kids-indicraft-handcrafted-ethnic-patiyala
96,Step n Style Womens Peacock Beaded Sandals Flats Shoes Pakistani Indian Sandals,Step n Style Womens Peacock,"Lorem Ipsum of is simply dummy text of the printing and typesetting industry. Lorem Ipsum has been the industry's standard dummy text ever since the 1500s, when an unknown printer took a galley of type and scrambled it to make a type specimen book. It has survived not only five centuries, but also the leap into electronic typesetting, remaining essentially unchanged. It was popularised in the 1960s with the release of Letraset sheets containing Lorem Ipsum passages, and more recently with desktop publishing software like Aldus PageMaker including versions of Lorem Ipsum.",https://images-na.ssl-images-amazon.com/images/I/61KoU7JG-lL._AC_UX500_.jpg,https://images-na.ssl-images-amazon.com/images/I/61qAB2Sdv6L._AC_UX500_.jpg,eid_collection,Women,132.9,eid_collection,2,3,0,0,step-n-style-womens-peacock
97,Step n Style Handmade Jutti Khussa Shoes Indian Pakistani Shoes Ethnic Flat Shoes,Step n Style Handmade Jutti,"Lorem Ipsum of is simply dummy text of the printing and typesetting industry. Lorem Ipsum has been the industry's standard dummy text ever since the 1500s, when an unknown printer took a galley of type and scrambled it to make a type specimen book. It has survived not only five centuries, but also the leap into electronic typesetting, remaining essentially unchanged. It was popularised in the 1960s with the release of Letraset sheets containing Lorem Ipsum passages, and more recently with desktop publishing software like Aldus PageMaker including versions of Lorem Ipsum.",https://images-na.ssl-images-amazon.com/images/I/61UbOgB7xDL._AC_UX500_.jpg,https://images-na.ssl-images-amazon.com/images/I/61jCiBSSp1L._AC_UX500_.jpg,eid_collection,Women,133.9,eid_collection,2,1,2,1,step-n-style-handmade-jutti
98,Step n Style Punjabi Jutti Flip Flop Khussa Shoes Casual Mojari Salwar Kameez Shoe,Step n Style Punjabi Jutti,"Lorem Ipsum of is simply dummy text of the printing and typesetting industry. Lorem Ipsum has been the industry's standard dummy text ever since the 1500s, when an unknown printer took a galley of type and scrambled it to make a type specimen book. It has survived not only five centuries, but also the leap into electronic typesetting, remaining essentially unchanged. It was popularised in the 1960s with the release of Letraset sheets containing Lorem Ipsum passages, and more recently with desktop publishing software like Aldus PageMaker including versions of Lorem Ipsum.",https://images-na.ssl-images-amazon.com/images/I/61fFNYvM%2BDL._AC_UX500_.jpg,https://images-na.ssl-images-amazon.com/images/I/61DQwrQmZ8L._AC_UX500_.jpg,eid_collection,Women,134.9,eid_collection,4,2,0,3,step-n-style-punjabi-jutti
99,Step n Style Women Pure Leather Designer Pakistani Juti Punjabi Jutti Ethnic Mojari Handmade Shoes,Step n Style Women Pure,"Lorem Ipsum of is simply dummy text of the printing and typesetting industry. Lorem Ipsum has been the industry's standard dummy text ever since the 1500s, when an unknown printer took a galley of type and scrambled it to make a type specimen book. It has survived not only five centuries, but also the leap into electronic typesetting, remaining essentially unchanged. It was popularised in the 1960s with the release of Letraset sheets containing Lorem Ipsum passages, and more recently with desktop publishing software like Aldus PageMaker including versions of Lorem Ipsum.",https://images-na.ssl-images-amazon.com/images/I/51CbikG7cgL._AC_UX500_.jpg,https://images-na.ssl-images-amazon.com/images/I/61lPhaBrVBL._AC_UX500_.jpg,eid_collection,Women,135.9,eid_collection,1,5,3,2,step-n-style-women-pure
100,Step n Style Women's Leather Khussa Flat Sandals Loafer Jaipuri Jutti Shoes,Step n Style Women's Leather,"Lorem Ipsum of is simply dummy text of the printing and typesetting industry. Lorem Ipsum has been the industry's standard dummy text ever since the 1500s, when an unknown printer took a galley of type and scrambled it to make a type specimen book. It has survived not only five centuries, but also the leap into electronic typesetting, remaining essentially unchanged. It was popularised in the 1960s with the release of Letraset sheets containing Lorem Ipsum passages, and more recently with desktop publishing software like Aldus PageMaker including versions of Lorem Ipsum.",https://images-na.ssl-images-amazon.com/images/I/71Byh2hAVxL._AC_UX500_.jpg,https://images-na.ssl-images-amazon.com/images/I/71xPZVXDoTL._AC_UX500_.jpg,eid_collection,Women,136.9,eid_collection,0,3,2,1,step-n-style-womens-leather
,,,,,,,,,,,,,,
,,,,,,,,,,,,,,
